[
    {
        "Type": 2,
        "GameTypeID": 31,
        "GameTypeName": "TARGET 10",
        "GameUrl": "http://220.225.104.132/Htm5Games/GICashcafe/Quickwin/Target10/TargetTen.html#",
        "GameIcon": "Target10.webp",
        "CategoryID": 0
    },
    {
        "Type": 2,
        "GameTypeID": 32,
        "GameTypeName": "KENO",
        "GameUrl": "http://220.225.104.132/Htm5Games/GICashcafe/Quickwin/Keno/keno.html#",
        "GameIcon": "VirtualKeno.webp",
        "CategoryID": 0
    },
    {
        "Type": 2,
        "GameTypeID": 30,
        "GameTypeName": "TARGET 100",
        "GameUrl": "http://220.225.104.132/Htm5Games/GICashcafe/Quickwin/Target100/Target100.html#",
        "GameIcon": "Target100.webp",
        "CategoryID": 0
    },
    {
        "Type": 2,
        "GameTypeID": 35,
        "GameTypeName": "SPIN WIN",
        "GameUrl": "http://220.225.104.132/Htm5Games/GICashcafe/Quickwin/SpinWin/spinwin.html#",
        "GameIcon": "SpinAndWin.webp",
        "CategoryID": 0
    }
]