[
    {
        "Type": 1,
        "GameTypeID": 500,
        "GameTypeName": "GOLDEN MIC",
        "GameUrl": "http://220.225.104.151/InstaSlot/SlotWays_v2/",
        "GameIcon": "GoldenMic.webp",
        "CategoryID": 2
    },
    {
        "Type": 1,
        "GameTypeID": 167,
        "GameTypeName": "ROMAN LEGIONS 100",
        "GameUrl": "http://220.225.104.151/InstaSlot/Slotgames/",
        "GameIcon": "RomanLegions100.webp",
        "CategoryID": 2
    },
    {
        "Type": 1,
        "GameTypeID": 166,
        "GameTypeName": "ROMAN LEGIONS 40",
        "GameUrl": "http://220.225.104.151/InstaSlot/Slotgames/",
        "GameIcon": "RomanLegions40.webp",
        "CategoryID": 2
    },
    {
        "Type": 1,
        "GameTypeID": 164,
        "GameTypeName": "WILD DRAW 50",
        "GameUrl": "http://220.225.104.151/InstaSlot/Slotgames/",
        "GameIcon": "WILDDRAW_50L.webp",
        "CategoryID": 2
    },
    {
        "Type": 1,
        "GameTypeID": 163,
        "GameTypeName": "WILD DRAW 20",
        "GameUrl": "http://220.225.104.151/InstaSlot/Slotgames/",
        "GameIcon": "WILDDRAW_20L.webp",
        "CategoryID": 2
    },
    {
        "Type": 1,
        "GameTypeID": 162,
        "GameTypeName": "FORTUNE PIRATES 50",
        "GameUrl": "http://220.225.104.151/InstaSlot/Slotgames/",
        "GameIcon": "FORTUNEPIRATES_50L.webp",
        "CategoryID": 2
    },
    {
        "Type": 1,
        "GameTypeID": 161,
        "GameTypeName": "FORTUNE PIRATES 40",
        "GameUrl": "http://220.225.104.151/InstaSlot/Slotgames/",
        "GameIcon": "FORTUNEPIRATES_40L.webp",
        "CategoryID": 2
    },
    {
        "Type": 1,
        "GameTypeID": 160,
        "GameTypeName": "FORTUNE PIRATES 10",
        "GameUrl": "http://220.225.104.151/InstaSlot/Slotgames/",
        "GameIcon": "FORTUNEPIRATES_10L.webp",
        "CategoryID": 2
    },
    {
        "Type": 1,
        "GameTypeID": 159,
        "GameTypeName": "GARUDA QUEST 100",
        "GameUrl": "http://220.225.104.151/InstaSlot/Slotgames/",
        "GameIcon": "GarudaQuest100.webp",
        "CategoryID": 2
    },
    {
        "Type": 1,
        "GameTypeID": 158,
        "GameTypeName": "GARUDA QUEST 20",
        "GameUrl": "http://220.225.104.151/InstaSlot/Slotgames/",
        "GameIcon": "GarudaQuest20.webp",
        "CategoryID": 2
    },
    {
        "Type": 1,
        "GameTypeID": 157,
        "GameTypeName": "EGYPT GOLD 50",
        "GameUrl": "http://220.225.104.151/InstaSlot/Slotgames/",
        "GameIcon": "EGYPTGOLD_50L.webp",
        "CategoryID": 2
    },
    {
        "Type": 1,
        "GameTypeID": 156,
        "GameTypeName": "EGYPT GOLD 40",
        "GameUrl": "http://220.225.104.151/InstaSlot/Slotgames/",
        "GameIcon": "EGYPTGOLD_40L.webp",
        "CategoryID": 2
    },
    {
        "Type": 1,
        "GameTypeID": 155,
        "GameTypeName": "EGYPT GOLD 20",
        "GameUrl": "http://220.225.104.151/InstaSlot/Slotgames/",
        "GameIcon": "EGYPTGOLD_20L.webp",
        "CategoryID": 2
    },
    {
        "Type": 1,
        "GameTypeID": 154,
        "GameTypeName": "Magic Aquarium 10",
        "GameUrl": "http://220.225.104.151/InstaSlot/Slotgames/",
        "GameIcon": "MagicAquarium10.webp",
        "CategoryID": 2
    },
    {
        "Type": 1,
        "GameTypeID": 153,
        "GameTypeName": "Magic Aquarium 20",
        "GameUrl": "http://220.225.104.151/InstaSlot/Slotgames/",
        "GameIcon": "MagicAquarium20.webp",
        "CategoryID": 2
    },
    {
        "Type": 1,
        "GameTypeID": 152,
        "GameTypeName": "Magic Aquarium 50",
        "GameUrl": "http://220.225.104.151/InstaSlot/Slotgames/",
        "GameIcon": "MagicAquarium50.webp",
        "CategoryID": 2
    },
    {
        "Type": 1,
        "GameTypeID": 151,
        "GameTypeName": "GOLDEN QUEEN 50",
        "GameUrl": "http://220.225.104.151/InstaSlot/Slotgames/",
        "GameIcon": "GoldenQueen50.webp",
        "CategoryID": 2
    },
    {
        "Type": 1,
        "GameTypeID": 150,
        "GameTypeName": "GOLDEN QUEEN 100",
        "GameUrl": "http://220.225.104.151/InstaSlot/Slotgames/",
        "GameIcon": "GoldenQueen100.webp",
        "CategoryID": 2
    },
    {
        "Type": 1,
        "GameTypeID": 149,
        "GameTypeName": "MAGIC  PUNCH",
        "GameUrl": "http://220.225.104.151/InstaSlot/SlotWays/",
        "GameIcon": "MagicPunch.webp",
        "CategoryID": 2
    },
    {
        "Type": 1,
        "GameTypeID": 148,
        "GameTypeName": "MagicBasket",
        "GameUrl": "http://220.225.104.151/InstaSlot/SlotWays/",
        "GameIcon": "MagicBasket.webp",
        "CategoryID": 2
    },
    {
        "Type": 1,
        "GameTypeID": 147,
        "GameTypeName": "HOT CHERRY",
        "GameUrl": "http://220.225.104.151/InstaSlot/SlotWays/",
        "GameIcon": "HotCherry.webp",
        "CategoryID": 2
    },
    {
        "Type": 1,
        "GameTypeID": 146,
        "GameTypeName": "SPIN GOAL",
        "GameUrl": "http://220.225.104.151/InstaSlot/SlotWays/",
        "GameIcon": "SpinGoal.webp",
        "CategoryID": 2
    },
    {
        "Type": 1,
        "GameTypeID": 145,
        "GameTypeName": "FRUITS CARNIVAL",
        "GameUrl": "http://220.225.104.151/InstaSlot/SlotWays/",
        "GameIcon": "FruitsCarnival.webp",
        "CategoryID": 2
    },
    {
        "Type": 1,
        "GameTypeID": 144,
        "GameTypeName": "TOYS PALACE",
        "GameUrl": "http://220.225.104.151/InstaSlot/SlotWays/",
        "GameIcon": "ToysPalace.webp",
        "CategoryID": 2
    },
    {
        "Type": 1,
        "GameTypeID": 143,
        "GameTypeName": "GLORY LABORATORY",
        "GameUrl": "http://220.225.104.151/InstaSlot/SlotWays/",
        "GameIcon": "GLORYLABORATORY_243.webp",
        "CategoryID": 2
    },
    {
        "Type": 1,
        "GameTypeID": 142,
        "GameTypeName": "MADAGASCAR TREASURE",
        "GameUrl": "http://220.225.104.151/InstaSlot/SlotWays/",
        "GameIcon": "MADAGASCARTREASURE_243.webp",
        "CategoryID": 2
    },
    {
        "Type": 1,
        "GameTypeID": 141,
        "GameTypeName": "LUCKY LANTERN",
        "GameUrl": "http://220.225.104.151/InstaSlot/SlotWays/",
        "GameIcon": "LUCKYLANTERN_243.webp",
        "CategoryID": 2
    },
    {
        "Type": 1,
        "GameTypeID": 140,
        "GameTypeName": "Lucky Numbers",
        "GameUrl": "http://220.225.104.151/InstaSlot/InstantGames/",
        "GameIcon": "LuckyNumbers.webp",
        "CategoryID": 2
    },
    {
        "Type": 1,
        "GameTypeID": 139,
        "GameTypeName": "GOLDEN TEMPLE",
        "GameUrl": "http://220.225.104.151/InstaSlot/SlotWays/",
        "GameIcon": "GoldenTemple.webp",
        "CategoryID": 2
    },
    {
        "Type": 1,
        "GameTypeID": 138,
        "GameTypeName": "MYSTERY ARK 243 WAYS",
        "GameUrl": "http://220.225.104.151/InstaSlot/SlotWays/",
        "GameIcon": "MYSTERYARK_243.webp",
        "CategoryID": 2
    },
    {
        "Type": 1,
        "GameTypeID": 137,
        "GameTypeName": "Fruit Castle",
        "GameUrl": "http://220.225.104.151/InstaSlot/SlotWays/",
        "GameIcon": "FruitCastle.webp",
        "CategoryID": 2
    },
    {
        "Type": 1,
        "GameTypeID": 136,
        "GameTypeName": "EMOJI SCRATCH",
        "GameUrl": "http://220.225.104.151/InstaSlot/InstantGames/",
        "GameIcon": "EmojiScratch.webp",
        "CategoryID": 2
    },
    {
        "Type": 1,
        "GameTypeID": 132,
        "GameTypeName": "LEEVAY SCRATCH",
        "GameUrl": "http://220.225.104.151/InstaSlot/InstantGames/",
        "GameIcon": "LeevayScratch.webp",
        "CategoryID": 2
    },
    {
        "Type": 1,
        "GameTypeID": 131,
        "GameTypeName": "BURST SCRATCH",
        "GameUrl": "http://220.225.104.151/InstaSlot/InstantGames/",
        "GameIcon": "BurstScratch.webp",
        "CategoryID": 2
    },
    {
        "Type": 1,
        "GameTypeID": 130,
        "GameTypeName": "FLUFFY CASH 50",
        "GameUrl": "http://220.225.104.151/InstaSlot/Slotgames/",
        "GameIcon": "FluffyCash50.webp",
        "CategoryID": 2
    },
    {
        "Type": 1,
        "GameTypeID": 129,
        "GameTypeName": "FLUFFY CASH 40",
        "GameUrl": "http://220.225.104.151/InstaSlot/Slotgames/",
        "GameIcon": "FluffyCash40.webp",
        "CategoryID": 2
    },
    {
        "Type": 1,
        "GameTypeID": 128,
        "GameTypeName": "AFRICAN DIAMOND 100",
        "GameUrl": "http://220.225.104.151/InstaSlot/Slotgames/",
        "GameIcon": "AfricanDiamond100.webp",
        "CategoryID": 2
    },
    {
        "Type": 1,
        "GameTypeID": 127,
        "GameTypeName": "AFRICAN DIAMOND 20",
        "GameUrl": "http://220.225.104.151/InstaSlot/Slotgames/",
        "GameIcon": "AfricanDiamond20.webp",
        "CategoryID": 2
    },
    {
        "Type": 1,
        "GameTypeID": 126,
        "GameTypeName": "AFRICAN DIAMOND 10",
        "GameUrl": "http://220.225.104.151/InstaSlot/Slotgames/",
        "GameIcon": "AfricanDiamond10.webp",
        "CategoryID": 2
    },
    {
        "Type": 1,
        "GameTypeID": 125,
        "GameTypeName": "ARK CITY 100",
        "GameUrl": "http://220.225.104.151/InstaSlot/Slotgames/",
        "GameIcon": "Arkcity100.webp",
        "CategoryID": 2
    },
    {
        "Type": 1,
        "GameTypeID": 124,
        "GameTypeName": "ARK CITY 20",
        "GameUrl": "http://220.225.104.151/InstaSlot/Slotgames/",
        "GameIcon": "Arkcity20.webp",
        "CategoryID": 2
    },
    {
        "Type": 1,
        "GameTypeID": 123,
        "GameTypeName": "ARK CITY 10",
        "GameUrl": "http://220.225.104.151/InstaSlot/Slotgames/",
        "GameIcon": "Arkcity10.webp",
        "CategoryID": 2
    },
    {
        "Type": 1,
        "GameTypeID": 122,
        "GameTypeName": "GOLDEN LUCK 50",
        "GameUrl": "http://220.225.104.151/InstaSlot/Slotgames/",
        "GameIcon": "GoldenLuck50.webp",
        "CategoryID": 2
    },
    {
        "Type": 1,
        "GameTypeID": 121,
        "GameTypeName": "GOLDEN LUCK 40",
        "GameUrl": "http://220.225.104.151/InstaSlot/Slotgames/",
        "GameIcon": "GoldenLuck40.webp",
        "CategoryID": 2
    },
    {
        "Type": 1,
        "GameTypeID": 120,
        "GameTypeName": "SKY GEMS 100",
        "GameUrl": "http://220.225.104.151/InstaSlot/Slotgames/",
        "GameIcon": "SkyGems100.webp",
        "CategoryID": 2
    },
    {
        "Type": 1,
        "GameTypeID": 119,
        "GameTypeName": "SKY GEMS 50",
        "GameUrl": "http://220.225.104.151/InstaSlot/Slotgames/",
        "GameIcon": "SkyGems50.webp",
        "CategoryID": 2
    },
    {
        "Type": 1,
        "GameTypeID": 117,
        "GameTypeName": "GOLDEN SHOE 20",
        "GameUrl": "http://220.225.104.151/InstaSlot/Slotgames/",
        "GameIcon": "GoldenShoe20.webp",
        "CategoryID": 2
    },
    {
        "Type": 1,
        "GameTypeID": 116,
        "GameTypeName": "GOLDEN SHOE 10",
        "GameUrl": "http://220.225.104.151/InstaSlot/Slotgames/",
        "GameIcon": "GoldenShoe10.webp",
        "CategoryID": 2
    },
    {
        "Type": 1,
        "GameTypeID": 115,
        "GameTypeName": "GOLDEN SHOE 40",
        "GameUrl": "http://220.225.104.151/InstaSlot/Slotgames/",
        "GameIcon": "GoldenShoe40.webp",
        "CategoryID": 2
    },
    {
        "Type": 1,
        "GameTypeID": 113,
        "GameTypeName": "ATHLETE ROYAL 100",
        "GameUrl": "http://220.225.104.151/InstaSlot/Slotgames/",
        "GameIcon": "AthleteRoyal100.webp",
        "CategoryID": 2
    },
    {
        "Type": 1,
        "GameTypeID": 112,
        "GameTypeName": "ATHLETE ROYAL 50",
        "GameUrl": "http://220.225.104.151/InstaSlot/Slotgames/",
        "GameIcon": "AthleteRoyal50.webp",
        "CategoryID": 2
    },
    {
        "Type": 1,
        "GameTypeID": 110,
        "GameTypeName": "Zodiac Kingdom 100",
        "GameUrl": "http://220.225.104.151/InstaSlot/Slotgames/",
        "GameIcon": "ZodiacKingdom_100.webp",
        "CategoryID": 2
    },
    {
        "Type": 1,
        "GameTypeID": 109,
        "GameTypeName": "Zodiac Kingdom 20",
        "GameUrl": "http://220.225.104.151/InstaSlot/Slotgames/",
        "GameIcon": "ZodiacKingdom_20.webp",
        "CategoryID": 2
    },
    {
        "Type": 1,
        "GameTypeID": 108,
        "GameTypeName": "Zodiac Kingdom 10",
        "GameUrl": "http://220.225.104.151/InstaSlot/Slotgames/",
        "GameIcon": "ZodiacKingdom_10.webp",
        "CategoryID": 2
    },
    {
        "Type": 1,
        "GameTypeID": 107,
        "GameTypeName": "GLORIOUS 20",
        "GameUrl": "http://220.225.104.151/InstaSlot/Slotgames/",
        "GameIcon": "GLORIOUS_20L.webp",
        "CategoryID": 2
    },
    {
        "Type": 1,
        "GameTypeID": 106,
        "GameTypeName": "GLORIOUS 10",
        "GameUrl": "http://220.225.104.151/InstaSlot/Slotgames/",
        "GameIcon": "GLORIOUS_10L.webp",
        "CategoryID": 2
    },
    {
        "Type": 1,
        "GameTypeID": 105,
        "GameTypeName": "Jewel Candy 100",
        "GameUrl": "http://220.225.104.151/InstaSlot/Slotgames/",
        "GameIcon": "JewelCandy100.webp",
        "CategoryID": 2
    },
    {
        "Type": 1,
        "GameTypeID": 104,
        "GameTypeName": "Jewel Candy 40",
        "GameUrl": "http://220.225.104.151/InstaSlot/Slotgames/",
        "GameIcon": "JewelCandy40.webp",
        "CategoryID": 2
    },
    {
        "Type": 1,
        "GameTypeID": 103,
        "GameTypeName": "Jewel Candy 50",
        "GameUrl": "http://220.225.104.151/InstaSlot/Slotgames/",
        "GameIcon": "JewelCandy50.webp",
        "CategoryID": 2
    },
    {
        "Type": 1,
        "GameTypeID": 102,
        "GameTypeName": "Free Kick",
        "GameUrl": "http://220.225.104.151/InstaSlot/SlotWays/",
        "GameIcon": "Freekick.webp",
        "CategoryID": 2
    },
    {
        "Type": 1,
        "GameTypeID": 101,
        "GameTypeName": "KNOCKOUT 100",
        "GameUrl": "http://220.225.104.151/InstaSlot/Slotgames/",
        "GameIcon": "Knockout100.webp",
        "CategoryID": 2
    },
    {
        "Type": 1,
        "GameTypeID": 100,
        "GameTypeName": "KNOCKOUT 10",
        "GameUrl": "http://220.225.104.151/InstaSlot/Slotgames/",
        "GameIcon": "Knockout10.webp",
        "CategoryID": 2
    },
    {
        "Type": 1,
        "GameTypeID": 99,
        "GameTypeName": "KNOCKOUT 20",
        "GameUrl": "http://220.225.104.151/InstaSlot/Slotgames/",
        "GameIcon": "Knockout20.webp",
        "CategoryID": 2
    },
    {
        "Type": 1,
        "GameTypeID": 98,
        "GameTypeName": "KNOCKOUT 40",
        "GameUrl": "http://220.225.104.151/InstaSlot/Slotgames/",
        "GameIcon": "Knockout40.webp",
        "CategoryID": 2
    },
    {
        "Type": 1,
        "GameTypeID": 97,
        "GameTypeName": "KNOCKOUT 50",
        "GameUrl": "http://220.225.104.151/InstaSlot/Slotgames/",
        "GameIcon": "Knockout50.webp",
        "CategoryID": 2
    },
    {
        "Type": 1,
        "GameTypeID": 96,
        "GameTypeName": "Temple Fruits 40",
        "GameUrl": "http://220.225.104.151/InstaSlot/Slotgames/",
        "GameIcon": "TempleFruits40.webp",
        "CategoryID": 2
    },
    {
        "Type": 1,
        "GameTypeID": 95,
        "GameTypeName": "Golden Basket 20",
        "GameUrl": "http://220.225.104.151/InstaSlot/Slotgames/",
        "GameIcon": "GoldenBasket20.webp",
        "CategoryID": 2
    },
    {
        "Type": 1,
        "GameTypeID": 94,
        "GameTypeName": "Golden Basket 40",
        "GameUrl": "http://220.225.104.151/InstaSlot/Slotgames/",
        "GameIcon": "GoldenBasket40.webp",
        "CategoryID": 2
    },
    {
        "Type": 1,
        "GameTypeID": 93,
        "GameTypeName": "Golden Basket 50",
        "GameUrl": "http://220.225.104.151/InstaSlot/Slotgames/",
        "GameIcon": "GoldenBasket50.webp",
        "CategoryID": 2
    },
    {
        "Type": 1,
        "GameTypeID": 92,
        "GameTypeName": "Lucky Cherry",
        "GameUrl": "http://220.225.104.151/InstaSlot/Slotgames/",
        "GameIcon": "LuckyCherry50.webp",
        "CategoryID": 2
    },
    {
        "Type": 1,
        "GameTypeID": 90,
        "GameTypeName": "WILD AFRICA",
        "GameUrl": "http://220.225.104.151/InstaSlot/Slotgames/",
        "GameIcon": "WildAfrica50.webp",
        "CategoryID": 2
    },
    {
        "Type": 1,
        "GameTypeID": 89,
        "GameTypeName": "TEMPLE FRUITS",
        "GameUrl": "http://220.225.104.151/InstaSlot/Slotgames/",
        "GameIcon": "TempleFruits.webp",
        "CategoryID": 2
    },
    {
        "Type": 1,
        "GameTypeID": 88,
        "GameTypeName": "LUCKY CHERRY",
        "GameUrl": "http://220.225.104.151/InstaSlot/Slotgames/",
        "GameIcon": "LuckyCherry.webp",
        "CategoryID": 2
    },
    {
        "Type": 1,
        "GameTypeID": 87,
        "GameTypeName": "GOLDEN GOAL",
        "GameUrl": "http://220.225.104.151/InstaSlot/Slotgames/",
        "GameIcon": "GoldenGoal.webp",
        "CategoryID": 2
    },
    {
        "Type": 1,
        "GameTypeID": 86,
        "GameTypeName": "Dragon Fruits",
        "GameUrl": "http://220.225.104.151/InstaSlot/Slotgames/",
        "GameIcon": "DragonFruits50.webp",
        "CategoryID": 2
    },
    {
        "Type": 1,
        "GameTypeID": 85,
        "GameTypeName": "Dragon Fruits",
        "GameUrl": "http://220.225.104.151/InstaSlot/Slotgames/",
        "GameIcon": "DragonFruits40.webp",
        "CategoryID": 2
    },
    {
        "Type": 1,
        "GameTypeID": 84,
        "GameTypeName": "DIAMOND CAR",
        "GameUrl": "http://220.225.104.151/InstaSlot/SlotWays/",
        "GameIcon": "DIAMONDCAR_243.webp",
        "CategoryID": 2
    },
    {
        "Type": 1,
        "GameTypeID": 83,
        "GameTypeName": "LUCKY TOYS",
        "GameUrl": "http://220.225.104.151/InstaSlot/Slotgames/",
        "GameIcon": "LuckyToys.webp",
        "CategoryID": 2
    },
    {
        "Type": 1,
        "GameTypeID": 82,
        "GameTypeName": "Magic Swords",
        "GameUrl": "http://220.225.104.151/InstaSlot/SlotWays/",
        "GameIcon": "MagicSwords.webp",
        "CategoryID": 2
    },
    {
        "Type": 1,
        "GameTypeID": 81,
        "GameTypeName": "FORTUNE LANTERN 50",
        "GameUrl": "http://220.225.104.151/InstaSlot/Slotgames/",
        "GameIcon": "FORTUNELANTERN_50L.webp",
        "CategoryID": 2
    },
    {
        "Type": 1,
        "GameTypeID": 80,
        "GameTypeName": "FORTUNE LANTERN 40",
        "GameUrl": "http://220.225.104.151/InstaSlot/Slotgames/",
        "GameIcon": "FORTUNELANTERN_40L.webp",
        "CategoryID": 2
    },
    {
        "Type": 1,
        "GameTypeID": 79,
        "GameTypeName": "Bingo",
        "GameUrl": "http://220.225.104.151/InstaSlot/InstantGames/",
        "GameIcon": "Bingo.webp",
        "CategoryID": 0
    },
    {
        "Type": 1,
        "GameTypeID": 78,
        "GameTypeName": "FORTUNE WHEEL",
        "GameUrl": "http://220.225.104.151/InstaSlot/InstantGames/",
        "GameIcon": "FortuneWheel.webp",
        "CategoryID": 0
    },
    {
        "Type": 1,
        "GameTypeID": 77,
        "GameTypeName": "Keno",
        "GameUrl": "http://220.225.104.151/InstaSlot/InstantGames/",
        "GameIcon": "Keno.webp",
        "CategoryID": 0
    },
    {
        "Type": 1,
        "GameTypeID": 76,
        "GameTypeName": "MAGICAL LABORATORY",
        "GameUrl": "http://220.225.104.151/InstaSlot/Slotgames/",
        "GameIcon": "MagicalLaboratory.webp",
        "CategoryID": 2
    },
    {
        "Type": 1,
        "GameTypeID": 74,
        "GameTypeName": "Candy Cash",
        "GameUrl": "http://220.225.104.151/InstaSlot/InstantGames/",
        "GameIcon": "CandyCash.webp",
        "CategoryID": 0
    },
    {
        "Type": 1,
        "GameTypeID": 72,
        "GameTypeName": "FORTUNE LANTERN 30",
        "GameUrl": "http://220.225.104.151/InstaSlot/Slotgames/",
        "GameIcon": "FORTUNELANTERN_30L.webp",
        "CategoryID": 2
    },
    {
        "Type": 1,
        "GameTypeID": 71,
        "GameTypeName": "Cash Trove",
        "GameUrl": "http://220.225.104.151/InstaSlot/InstantGames/",
        "GameIcon": "CashTrove.webp",
        "CategoryID": 0
    },
    {
        "Type": 1,
        "GameTypeID": 70,
        "GameTypeName": "Temple Treasure",
        "GameUrl": "http://220.225.104.151/InstaSlot/Slotgames/",
        "GameIcon": "TempleTreasure.webp",
        "CategoryID": 2
    },
    {
        "Type": 1,
        "GameTypeID": 69,
        "GameTypeName": "DRAGON ARK",
        "GameUrl": "http://220.225.104.151/InstaSlot/Slotgames/",
        "GameIcon": "DragonARK50.webp",
        "CategoryID": 2
    },
    {
        "Type": 1,
        "GameTypeID": 68,
        "GameTypeName": "Dragon Fruits",
        "GameUrl": "http://220.225.104.151/InstaSlot/Slotgames/",
        "GameIcon": "DragonFruits.webp",
        "CategoryID": 2
    },
    {
        "Type": 2,
        "GameTypeID": 67,
        "GameTypeName": "Scratch Match",
        "GameUrl": "http://220.225.104.151/InstaSlot/InstantGames/",
        "GameIcon": "ScratchMatch.webp",
        "CategoryID": 0
    },
    {
        "Type": 2,
        "GameTypeID": 66,
        "GameTypeName": "Cash Numbers Sum",
        "GameUrl": "http://220.225.104.151/InstaSlot/InstantGames/",
        "GameIcon": "CashNumbers.webp",
        "CategoryID": 0
    },
    {
        "Type": 2,
        "GameTypeID": 64,
        "GameTypeName": "Lucky Page",
        "GameUrl": "http://220.225.104.151/InstaSlot/InstantGames/",
        "GameIcon": "LuckyPage.webp",
        "CategoryID": 0
    },
    {
        "Type": 2,
        "GameTypeID": 63,
        "GameTypeName": "Gems Smash",
        "GameUrl": "http://220.225.104.151/InstaSlot/InstantGames/",
        "GameIcon": "GemsSmash.webp",
        "CategoryID": 0
    },
    {
        "Type": 2,
        "GameTypeID": 62,
        "GameTypeName": "Snakes & Ladders",
        "GameUrl": "http://220.225.104.151/InstaSlot/InstantGames/",
        "GameIcon": "snackAndLadders.webp",
        "CategoryID": 0
    },
    {
        "Type": 2,
        "GameTypeID": 61,
        "GameTypeName": "Climbing Man",
        "GameUrl": "http://220.225.104.151/InstaSlot/InstantGames/",
        "GameIcon": "ClimbingMan.webp",
        "CategoryID": 0
    },
    {
        "Type": 2,
        "GameTypeID": 60,
        "GameTypeName": "Scrabble",
        "GameUrl": "http://220.225.104.151/InstaSlot/InstantGames/",
        "GameIcon": "GIScrabble.webp",
        "CategoryID": 0
    }
]